t, E_left, E_center, E_right, E_exact_left, E_exact_center, E_exact_right
0,137.2,137.2,137.2,0,0,0
1.65552e-05,137.2,137.2,137.2,0,0,0
3.31104e-05,137.2,137.2,137.2,0,0,0
4.96656e-05,137.2,137.2,137.2,0,0,0
6.62207e-05,137.2,137.2,137.2,0,0,0
8.27759e-05,137.2,137.2,137.2,0,0,0
9.93311e-05,137.2,137.2,137.2,0,0,0
0.000115886,137.2,137.2,137.2,0,0,0
0.000132441,137.2,137.2,137.2,0,0,0
0.000148997,137.2,137.2,137.2,0,0,0
0.000165552,137.2,137.2,137.2,0,0,0
0.000182107,137.2,137.2,137.2,0,0,0
0.000198662,137.2,137.2,137.2,0,0,0
0.000215217,137.2,137.2,137.2,0,0,0
0.000231773,137.2,137.2,137.2,0,0,0
0.000248328,137.2,137.2,137.2,0,0,0
0.000264883,137.2,137.2,137.2,0,0,0
0.000281438,137.2,137.199,137.2,0,0,0
0.000297993,137.2,137.197,137.2,0,0,0
0.000314548,137.2,137.193,137.2,0,0,0
0.000331104,137.2,137.182,137.2,0,0,0
0.000347659,137.2,137.16,137.2,0,0,0
0.000364214,137.2,137.115,137.2,0,0,0
0.000380769,137.2,137.035,137.2,0,0,0
0.000397324,137.2,136.903,137.2,0,0,0
0.00041388,137.2,136.705,137.2,0,0,0
0.000430435,137.2,136.429,137.2,0,0,0
0.00044699,137.2,136.081,137.2,0,0,0
0.000463545,137.2,135.677,137.2,0,0,0
0.0004801,137.2,135.249,137.2,0,0,0
0.000496656,137.2,134.83,137.2,0,0,0
0.000513211,137.2,134.452,137.2,0,0,0
0.000529766,137.2,134.135,137.2,0,0,0
0.000546321,137.2,133.888,137.2,0,0,0
0.000562876,137.2,133.708,137.2,0,0,0
0.000579431,137.2,133.586,137.2,0,0,0
0.000595987,137.2,133.511,137.2,0,0,0
0.000612542,137.2,133.47,137.2,0,0,0
0.000629097,137.2,133.452,137.199,0,0,0
0.000645652,137.2,133.45,137.197,0,0,0
0.000662207,137.2,133.457,137.193,0,0,0
0.000678763,137.2,133.468,137.183,0,0,0
0.000695318,137.2,133.48,137.164,0,0,0
0.000711873,137.2,133.492,137.128,0,0,0
0.000728428,137.2,133.504,137.066,0,0,0
0.000744983,137.2,133.514,136.969,0,0,0
0.000761538,137.2,133.523,136.828,0,0,0
0.000778094,137.2,133.53,136.641,0,0,0
0.000794649,137.2,133.538,136.41,0,0,0
0.000811204,137.2,133.544,136.149,0,0,0
0.000827759,137.2,133.551,135.874,0,0,0
0.000844314,137.2,133.557,135.607,0,0,0
0.00086087,137.2,133.565,135.362,0,0,0
0.000877425,137.2,133.572,135.15,0,0,0
0.00089398,137.2,133.581,134.977,0,0,0
0.000910535,137.2,133.591,134.841,0,0,0
0.00092709,137.2,133.601,134.737,0,0,0
0.000943645,137.2,133.613,134.659,0,0,0
0.000960201,137.2,133.625,134.6,0,0,0
0.000976756,137.2,133.638,134.556,0,0,0
0.000993311,137.2,133.651,134.521,0,0,0
0.00100987,137.2,133.664,134.492,0,0,0
0.00102642,137.2,133.678,134.466,0,0,0
0.00104298,137.2,133.691,134.441,0,0,0
0.00105953,137.2,133.705,134.417,0,0,0
0.00107609,137.2,133.718,134.394,0,0,0
0.00109264,137.2,133.731,134.37,0,0,0
0.0011092,137.2,133.744,134.346,0,0,0
0.00112575,137.2,133.756,134.322,0,0,0
0.00114231,137.2,133.769,134.298,0,0,0
0.00115886,137.2,133.781,134.275,0,0,0
0.00117542,137.2,133.793,134.252,0,0,0
0.00119197,137.2,133.805,134.229,0,0,0
0.00120853,137.2,133.817,134.208,0,0,0
0.00122508,137.2,133.829,134.187,0,0,0
0.00124164,137.2,133.841,134.168,0,0,0
0.00125819,137.2,133.853,134.15,0,0,0
0.00127475,137.2,133.864,134.132,0,0,0
0.0012913,137.2,133.876,134.116,0,0,0
0.00130786,137.2,133.887,134.1,0,0,0
0.00132441,137.2,133.898,134.085,0,0,0
0.00134097,137.2,133.909,134.071,0,0,0
0.00135753,137.2,133.921,134.058,0,0,0
0.00137408,137.2,133.932,134.045,0,0,0
0.00139064,137.2,133.942,134.032,0,0,0
0.00140719,137.2,133.954,134.02,0,0,0
0.00142375,137.2,133.964,134.008,0,0,0
0.0014403,137.2,133.975,133.997,0,0,0
0.00145686,137.2,133.986,133.985,0,0,0
0.00147341,137.2,133.996,133.974,0,0,0
0.00148997,137.2,134.007,133.964,0,0,0
0.00150652,137.2,134.017,133.954,0,0,0
0.00152308,137.2,134.027,133.944,0,0,0
0.00153963,137.2,134.037,133.934,0,0,0
0.00155619,137.2,134.048,133.924,0,0,0
0.00157274,137.2,134.058,133.915,0,0,0
0.0015893,137.2,134.068,133.906,0,0,0
0.00160585,137.2,134.078,133.898,0,0,0
0.00162241,137.2,134.088,133.889,0,0,0
0.00163896,137.2,134.097,133.881,0,0,0
0.00165552,137.2,134.107,133.873,0,0,0
0.00167207,137.2,134.117,133.866,0,0,0
0.00168863,137.2,134.126,133.858,0,0,0
0.00170518,137.2,134.136,133.851,0,0,0
0.00172174,137.2,134.145,133.844,0,0,0
0.00173829,137.2,134.154,133.838,0,0,0
0.00175485,137.2,134.164,133.831,0,0,0
0.0017714,137.2,134.173,133.825,0,0,0
0.00178796,137.2,134.182,133.819,0,0,0
0.00180452,137.2,134.191,133.813,0,0,0
0.00182107,137.2,134.2,133.807,0,0,0
0.00183763,137.2,134.209,133.802,0,0,0
0.00185418,137.2,134.218,133.797,0,0,0
0.00187074,137.2,134.227,133.792,0,0,0
0.00188729,137.2,134.235,133.787,0,0,0
0.00190385,137.2,134.244,133.782,0,0,0
0.0019204,137.2,134.252,133.778,0,0,0
0.00193696,137.2,134.261,133.773,0,0,0
0.00195351,137.2,134.27,133.769,0,0,0
0.00197007,137.2,134.278,133.765,0,0,0
0.00198662,137.199,134.286,133.761,0,0,0
0.00200318,137.199,134.294,133.758,0,0,0
0.00201973,137.197,134.303,133.754,0,0,0
0.00203629,137.195,134.311,133.751,0,0,0
0.00205284,137.19,134.319,133.747,0,0,0
0.0020694,137.183,134.327,133.744,0,0,0
0.00208595,137.172,134.335,133.741,0,0,0
0.00210251,137.156,134.343,133.738,0,0,0
0.00211906,137.135,134.351,133.736,0,0,0
0.00213562,137.108,134.359,133.733,0,0,0
0.00215217,137.076,134.366,133.73,0,0,0
0.00216873,137.041,134.374,133.728,0,0,0
0.00218528,137.004,134.382,133.726,0,0,0
0.00220184,136.969,134.389,133.724,0,0,0
0.00221839,136.936,134.397,133.722,0,0,0
0.00223495,136.907,134.405,133.72,0,0,0
0.00225151,136.882,134.412,133.718,0,0,0
0.00226806,136.862,134.419,133.716,0,0,0
0.00228462,136.846,134.427,133.714,0,0,0
0.00230117,136.834,134.434,133.713,0,0,0
0.00231773,136.824,134.441,133.711,0,0,0
0.00233428,136.817,134.448,133.71,0,0,0
0.00235084,136.811,134.455,133.709,0,0,0
0.00236739,136.806,134.462,133.707,0,0,0
0.00238395,136.802,134.469,133.706,0,0,0
0.0024005,136.798,134.476,133.705,0,0,0
0.00241706,136.795,134.483,133.704,0,0,0
0.00243361,136.791,134.49,133.703,0,0,0
0.00245017,136.788,134.497,133.702,0,0,0
0.00246672,136.785,134.504,133.701,0,0,0
0.00248328,136.781,134.511,133.7,0,0,0
0.00249983,136.778,134.517,133.699,0,0,0
0.00251639,136.775,134.524,133.698,0,0,0
0.00253294,136.772,134.531,133.697,0,0,0
0.0025495,136.769,134.537,133.696,0,0,0
0.00256605,136.766,134.544,133.695,0,0,0
0.00258261,136.764,134.55,133.694,0,0,0
0.00259916,136.761,134.556,133.694,0,0,0
0.00261572,136.758,134.563,133.693,0,0,0
0.00263227,136.756,134.569,133.692,0,0,0
0.00264883,136.754,134.575,133.691,0,0,0
0.00266538,136.752,134.582,133.69,0,0,0
0.00268194,136.75,134.587,133.69,0,0,0
0.00269849,136.748,134.593,133.689,0,0,0
0.00271505,136.746,134.6,133.688,0,0,0
0.00273161,136.745,134.606,133.687,0,0,0
0.00274816,136.743,134.612,133.687,0,0,0
0.00276472,136.742,134.617,133.686,0,0,0
0.00278127,136.74,134.623,133.685,0,0,0
0.00279783,136.739,134.629,133.685,0,0,0
0.00281438,136.737,134.635,133.684,0,0,0
0.00283094,136.736,134.64,133.684,0,0,0
0.00284749,136.735,134.646,133.683,0,0,0
0.00286405,136.734,134.651,133.682,0,0,0
0.0028806,136.732,134.657,133.682,0,0,0
0.00289716,136.731,134.662,133.681,0,0,0
0.00291371,136.73,134.668,133.681,0,0,0
0.00293027,136.729,134.673,133.681,0,0,0
0.00294682,136.728,134.678,133.68,0,0,0
0.00296338,136.727,134.684,133.68,0,0,0
0.00297993,136.726,134.689,133.679,0,0,0
0.00299649,136.726,134.694,133.679,0,0,0
0.00301304,136.725,134.699,133.679,0,0,0
0.0030296,136.724,134.704,133.678,0,0,0
0.00304615,136.723,134.709,133.678,0,0,0
0.00306271,136.722,134.714,133.678,0,0,0
0.00307926,136.722,134.719,133.678,0,0,0
0.00309582,136.721,134.724,133.677,0,0,0
0.00311237,136.72,134.729,133.677,0,0,0
0.00312893,136.72,134.733,133.677,0,0,0
0.00314548,136.719,134.738,133.677,0,0,0
0.00316204,136.719,134.743,133.677,0,0,0
0.0031786,136.718,134.748,133.677,0,0,0
0.00319515,136.718,134.752,133.677,0,0,0
0.00321171,136.718,134.757,133.676,0,0,0
0.00322826,136.717,134.761,133.676,0,0,0
0.00324482,136.717,134.766,133.676,0,0,0
0.00326137,136.717,134.77,133.676,0,0,0
0.00327793,136.716,134.775,133.676,0,0,0
0.00329448,136.716,134.779,133.676,0,0,0
0.00331104,136.716,134.783,133.676,0,0,0
0.00332759,136.716,134.788,133.676,0,0,0
0.00334415,136.715,134.792,133.677,0,0,0
0.0033607,136.715,134.796,133.677,0,0,0
0.00337726,136.715,134.8,133.677,0,0,0
0.00339381,136.715,134.804,133.677,0,0,0
0.00341037,136.715,134.809,133.677,0,0,0
0.00342692,136.715,134.813,133.677,0,0,0
0.00344348,136.715,134.817,133.677,0,0,0
0.00346003,136.715,134.821,133.678,0,0,0
0.00347659,136.715,134.825,133.678,0,0,0
0.00349314,136.715,134.829,133.678,0,0,0
0.0035097,136.715,134.832,133.678,0,0,0
0.00352625,136.715,134.836,133.678,0,0,0
0.00354281,136.715,134.84,133.679,0,0,0
0.00355936,136.715,134.844,133.679,0,0,0
0.00357592,136.715,134.848,133.679,0,0,0
0.00359247,136.715,134.851,133.68,0,0,0
0.00360903,136.715,134.855,133.68,0,0,0
0.00362559,136.716,134.859,133.68,0,0,0
0.00364214,136.716,134.862,133.681,0,0,0
0.0036587,136.716,134.866,133.681,0,0,0
0.00367525,136.716,134.87,133.681,0,0,0
0.00369181,136.716,134.873,133.682,0,0,0
0.00370836,136.717,134.877,133.682,0,0,0
0.00372492,136.717,134.88,133.683,0,0,0
0.00374147,136.717,134.884,133.683,0,0,0
0.00375803,136.717,134.887,133.683,0,0,0
0.00377458,136.718,134.891,133.684,0,0,0
0.00379114,136.718,134.894,133.684,0,0,0
0.00380769,136.718,134.897,133.685,0,0,0
0.00382425,136.719,134.901,133.685,0,0,0
0.0038408,136.719,134.904,133.686,0,0,0
0.00385736,136.719,134.908,133.686,0,0,0
0.00387391,136.72,134.911,133.687,0,0,0
0.00389047,136.72,134.914,133.687,0,0,0
0.00390702,136.721,134.918,133.688,0,0,0
0.00392358,136.721,134.921,133.688,0,0,0
0.00394013,136.721,134.925,133.689,0,0,0
0.00395669,136.722,134.928,133.69,0,0,0
0.00397324,136.722,134.932,133.69,0,0,0
0.0039898,136.723,134.935,133.691,0,0,0
0.00400635,136.723,134.938,133.691,0,0,0
0.00402291,136.724,134.942,133.692,0,0,0
0.00403946,136.724,134.945,133.693,0,0,0
0.00405602,136.725,134.948,133.693,0,0,0
0.00407258,136.725,134.952,133.694,0,0,0
0.00408913,136.726,134.955,133.695,0,0,0
0.00410569,136.726,134.959,133.695,0,0,0
0.00412224,136.727,134.962,133.696,0,0,0
0.0041388,136.727,134.966,133.697,0,0,0
0.00415535,136.728,134.969,133.697,0,0,0
0.00417191,136.728,134.972,133.698,0,0,0
0.00418846,136.729,134.975,133.699,0,0,0
0.00420502,136.729,134.979,133.699,0,0,0
0.00422157,136.73,134.982,133.7,0,0,0
0.00423813,136.731,134.985,133.701,0,0,0
0.00425468,136.731,134.989,133.702,0,0,0
0.00427124,136.732,134.992,133.702,0,0,0
0.00428779,136.732,134.995,133.703,0,0,0
0.00430435,136.733,134.998,133.704,0,0,0
0.0043209,136.733,135.002,133.705,0,0,0
0.00433746,136.734,135.005,133.705,0,0,0
0.00435401,136.735,135.008,133.706,0,0,0
0.00437057,136.735,135.011,133.707,0,0,0
0.00438712,136.736,135.014,133.708,0,0,0
0.00440368,136.736,135.017,133.709,0,0,0
0.00442023,136.737,135.021,133.709,0,0,0
0.00443679,136.738,135.024,133.71,0,0,0
0.00445334,136.738,135.027,133.711,0,0,0
0.0044699,136.739,135.03,133.712,0,0,0
0.00448645,136.74,135.033,133.713,0,0,0
0.00450301,136.74,135.036,133.714,0,0,0
0.00451957,136.741,135.039,133.715,0,0,0
0.00453612,136.741,135.042,133.715,0,0,0
0.00455268,136.742,135.045,133.716,0,0,0
0.00456923,136.743,135.049,133.717,0,0,0
0.00458579,136.743,135.052,133.718,0,0,0
0.00460234,136.744,135.055,133.719,0,0,0
0.0046189,136.745,135.058,133.72,0,0,0
0.00463545,136.745,135.061,133.721,0,0,0
0.00465201,136.746,135.064,133.722,0,0,0
0.00466856,136.747,135.067,133.723,0,0,0
0.00468512,136.747,135.07,133.723,0,0,0
0.00470167,136.748,135.072,133.724,0,0,0
0.00471823,136.749,135.075,133.725,0,0,0
0.00473478,136.749,135.078,133.726,0,0,0
0.00475134,136.75,135.081,133.727,0,0,0
0.00476789,136.751,135.084,133.728,0,0,0
0.00478445,136.751,135.087,133.729,0,0,0
0.004801,136.752,135.09,133.73,0,0,0
0.00481756,136.753,135.093,133.731,0,0,0
0.00483411,136.753,135.096,133.732,0,0,0
0.00485067,136.754,135.099,133.733,0,0,0
0.00486722,136.755,135.102,133.734,0,0,0
0.00488378,136.755,135.104,133.735,0,0,0
0.00490033,136.756,135.107,133.736,0,0,0
0.00491689,136.757,135.11,133.737,0,0,0
0.00493344,136.757,135.113,133.738,0,0,0
0.00495,136.758,135.116,133.739,0,0,0
0.00496656,136.759,135.119,133.74,0,0,0
0.00498311,136.759,135.121,133.741,0,0,0
0.00499967,136.76,135.124,133.742,0,0,0
0.00501622,136.761,135.127,133.743,0,0,0
0.00503278,136.761,135.13,133.744,0,0,0
0.00504933,136.762,135.133,133.745,0,0,0
0.00506589,136.762,135.135,133.746,0,0,0
0.00508244,136.763,135.138,133.747,0,0,0
0.005099,136.764,135.141,133.748,0,0,0
0.00511555,136.765,135.144,133.749,0,0,0
0.00513211,136.765,135.147,133.75,0,0,0
0.00514866,136.766,135.149,133.751,0,0,0
0.00516522,136.767,135.152,133.752,0,0,0
0.00518177,136.767,135.155,133.753,0,0,0
0.00519833,136.768,135.157,133.754,0,0,0
0.00521488,136.768,135.16,133.755,0,0,0
0.00523144,136.769,135.163,133.757,0,0,0
0.00524799,136.77,135.165,133.758,0,0,0
0.00526455,136.77,135.168,133.759,0,0,0
0.0052811,136.771,135.171,133.76,0,0,0
0.00529766,136.772,135.174,133.761,0,0,0
0.00531421,136.772,135.176,133.762,0,0,0
0.00533077,136.773,135.179,133.763,0,0,0
0.00534732,136.774,135.182,133.764,0,0,0
0.00536388,136.774,135.184,133.765,0,0,0
0.00538043,136.775,135.187,133.766,0,0,0
0.00539699,136.776,135.189,133.768,0,0,0
0.00541355,136.776,135.192,133.769,0,0,0
0.0054301,136.777,135.195,133.77,0,0,0
0.00544666,136.778,135.197,133.771,0,0,0
0.00546321,136.778,135.2,133.772,0,0,0
0.00547977,136.779,135.203,133.773,0,0,0
0.00549632,136.78,135.205,133.774,0,0,0
0.00551288,136.78,135.208,133.775,0,0,0
0.00552943,136.781,135.21,133.776,0,0,0
0.00554599,136.782,135.213,133.778,0,0,0
0.00556254,136.782,135.215,133.779,0,0,0
0.0055791,136.783,135.218,133.78,0,0,0
0.00559565,136.783,135.221,133.781,0,0,0
0.00561221,136.784,135.223,133.782,0,0,0
0.00562876,136.785,135.226,133.783,0,0,0
0.00564532,136.785,135.228,133.784,0,0,0
0.00566187,136.786,135.231,133.786,0,0,0
0.00567843,136.787,135.233,133.787,0,0,0
0.00569498,136.787,135.236,133.788,0,0,0
0.00571154,136.788,135.238,133.789,0,0,0
0.00572809,136.788,135.241,133.79,0,0,0
0.00574465,136.789,135.243,133.791,0,0,0
0.0057612,136.79,135.246,133.793,0,0,0
0.00577776,136.79,135.248,133.794,0,0,0
0.00579431,136.791,135.251,133.795,0,0,0
0.00581087,136.791,135.253,133.796,0,0,0
0.00582742,136.792,135.256,133.797,0,0,0
0.00584398,136.793,135.258,133.798,0,0,0
0.00586054,136.793,135.261,133.8,0,0,0
0.00587709,136.794,135.263,133.801,0,0,0
0.00589365,136.794,135.265,133.802,0,0,0
0.0059102,136.795,135.268,133.803,0,0,0
0.00592676,136.796,135.27,133.804,0,0,0
0.00594331,136.796,135.273,133.805,0,0,0
0.00595987,136.797,135.275,133.807,0,0,0
0.00597642,136.798,135.277,133.808,0,0,0
0.00599298,136.798,135.28,133.809,0,0,0
0.00600953,136.799,135.282,133.81,0,0,0
0.00602609,136.799,135.285,133.811,0,0,0
0.00604264,136.8,135.287,133.813,0,0,0
0.0060592,136.801,135.289,133.814,0,0,0
0.00607575,136.801,135.292,133.815,0,0,0
0.00609231,136.802,135.294,133.816,0,0,0
0.00610886,136.802,135.296,133.818,0,0,0
0.00612542,136.803,135.299,133.819,0,0,0
0.00614197,136.803,135.301,133.82,0,0,0
0.00615853,136.804,135.303,133.821,0,0,0
0.00617508,136.805,135.306,133.823,0,0,0
0.00619164,136.805,135.308,133.824,0,0,0
0.00620819,136.806,135.311,133.825,0,0,0
0.00622475,136.806,135.313,133.826,0,0,0
0.0062413,136.807,135.315,133.827,0,0,0
0.00625786,136.808,135.317,133.829,0,0,0
0.00627441,136.808,135.32,133.83,0,0,0
0.00629097,136.809,135.322,133.831,0,0,0
0.00630753,136.809,135.324,133.832,0,0,0
0.00632408,136.81,135.327,133.834,0,0,0
0.00634064,136.81,135.329,133.835,0,0,0
0.00635719,136.811,135.331,133.836,0,0,0
0.00637375,136.811,135.333,133.837,0,0,0
0.0063903,136.812,135.336,133.838,0,0,0
0.00640686,136.813,135.338,133.84,0,0,0
0.00642341,136.813,135.34,133.841,0,0,0
0.00643997,136.814,135.342,133.842,0,0,0
0.00645652,136.814,135.345,133.844,0,0,0
0.00647308,136.815,135.347,133.845,0,0,0
0.00648963,136.815,135.349,133.846,0,0,0
0.00650619,136.816,135.351,133.847,0,0,0
0.00652274,136.816,135.353,133.849,0,0,0
0.0065393,136.817,135.356,133.85,0,0,0
0.00655585,136.818,135.358,133.851,0,0,0
0.00657241,136.818,135.36,133.852,0,0,0
0.00658896,136.819,135.362,133.854,0,0,0
0.00660552,136.819,135.364,133.855,0,0,0
0.00662207,136.82,135.367,133.856,0,0,0
0.00663863,136.82,135.369,133.858,0,0,0
0.00665518,136.821,135.371,133.859,0,0,0
0.00667174,136.821,135.373,133.86,0,0,0
0.00668829,136.822,135.375,133.861,0,0,0
0.00670485,136.822,135.377,133.863,0,0,0
0.0067214,136.823,135.379,133.864,0,0,0
0.00673796,136.823,135.382,133.865,0,0,0
0.00675452,136.824,135.384,133.866,0,0,0
0.00677107,136.824,135.386,133.868,0,0,0
0.00678763,136.825,135.388,133.869,0,0,0
0.00680418,136.825,135.39,133.87,0,0,0
0.00682074,136.826,135.392,133.872,0,0,0
0.00683729,136.827,135.394,133.873,0,0,0
0.00685385,136.827,135.397,133.874,0,0,0
0.0068704,136.828,135.399,133.876,0,0,0
0.00688696,136.828,135.401,133.877,0,0,0
0.00690351,136.829,135.403,133.878,0,0,0
0.00692007,136.829,135.405,133.88,0,0,0
0.00693662,136.83,135.407,133.881,0,0,0
0.00695318,136.83,135.409,133.882,0,0,0
0.00696973,136.831,135.411,133.883,0,0,0
0.00698629,136.831,135.413,133.885,0,0,0
0.00700284,136.832,135.415,133.886,0,0,0
0.0070194,136.832,135.417,133.887,0,0,0
0.00703595,136.833,135.419,133.889,0,0,0
0.00705251,136.833,135.421,133.89,0,0,0
0.00706906,136.834,135.423,133.891,0,0,0
0.00708562,136.834,135.426,133.893,0,0,0
0.00710217,136.835,135.428,133.894,0,0,0
0.00711873,136.835,135.43,133.895,0,0,0
0.00713528,136.836,135.432,133.897,0,0,0
0.00715184,136.836,135.434,133.898,0,0,0
0.00716839,136.837,135.435,133.899,0,0,0
0.00718495,136.837,135.437,133.901,0,0,0
0.00720151,136.838,135.44,133.902,0,0,0
0.00721806,136.838,135.442,133.903,0,0,0
0.00723462,136.839,135.444,133.905,0,0,0
0.00725117,136.839,135.445,133.906,0,0,0
0.00726773,136.84,135.447,133.907,0,0,0
0.00728428,136.84,135.449,133.909,0,0,0
0.00730084,136.841,135.451,133.91,0,0,0
0.00731739,136.841,135.453,133.911,0,0,0
0.00733395,136.842,135.455,133.913,0,0,0
0.0073505,136.842,135.457,133.914,0,0,0
0.00736706,136.843,135.459,133.915,0,0,0
0.00738361,136.843,135.461,133.917,0,0,0
0.00740017,136.844,135.463,133.918,0,0,0
0.00741672,136.844,135.465,133.919,0,0,0
0.00743328,136.845,135.467,133.921,0,0,0
0.00744983,136.845,135.469,133.922,0,0,0
0.00746639,136.845,135.471,133.923,0,0,0
0.00748294,136.846,135.473,133.925,0,0,0
0.0074995,136.846,135.475,133.926,0,0,0
0.00751605,136.847,135.477,133.928,0,0,0
0.00753261,136.847,135.479,133.929,0,0,0
0.00754916,136.848,135.481,133.93,0,0,0
0.00756572,136.848,135.482,133.932,0,0,0
0.00758227,136.849,135.484,133.933,0,0,0
0.00759883,136.849,135.486,133.934,0,0,0
0.00761538,136.85,135.488,133.936,0,0,0
0.00763194,136.85,135.49,133.937,0,0,0
0.00764849,136.85,135.492,133.939,0,0,0
0.00766505,136.851,135.494,133.94,0,0,0
0.00768161,136.851,135.495,133.941,0,0,0
0.00769816,136.852,135.497,133.943,0,0,0
0.00771472,136.852,135.499,133.944,0,0,0
0.00773127,136.853,135.501,133.945,0,0,0
0.00774783,136.853,135.503,133.947,0,0,0
0.00776438,136.854,135.505,133.948,0,0,0
0.00778094,136.854,135.507,133.949,0,0,0
0.00779749,136.855,135.509,133.951,0,0,0
0.00781405,136.855,135.51,133.952,0,0,0
0.0078306,136.855,135.512,133.954,0,0,0
0.00784716,136.856,135.514,133.955,0,0,0
0.00786371,136.856,135.516,133.957,0,0,0
0.00788027,136.857,135.518,133.958,0,0,0
0.00789682,136.857,135.519,133.959,0,0,0
0.00791338,136.858,135.521,133.961,0,0,0
0.00792993,136.858,135.523,133.962,0,0,0
0.00794649,136.859,135.525,133.963,0,0,0
0.00796304,136.859,135.527,133.965,0,0,0
0.0079796,136.859,135.528,133.966,0,0,0
0.00799615,136.86,135.53,133.968,0,0,0
0.00801271,136.86,135.532,133.969,0,0,0
0.00802926,136.861,135.534,133.97,0,0,0
0.00804582,136.861,135.535,133.972,0,0,0
0.00806237,136.862,135.537,133.973,0,0,0
0.00807893,136.862,135.539,133.975,0,0,0
0.00809548,136.862,135.541,133.976,0,0,0
0.00811204,136.863,135.543,133.977,0,0,0
0.0081286,136.863,135.544,133.979,0,0,0
0.00814515,136.864,135.546,133.98,0,0,0
0.00816171,136.864,135.548,133.982,0,0,0
0.00817826,136.864,135.55,133.983,0,0,0
0.00819482,136.865,135.551,133.984,0,0,0
0.00821137,136.865,135.553,133.986,0,0,0
0.00822793,136.866,135.555,133.987,0,0,0
0.00824448,136.866,135.557,133.989,0,0,0
0.00826104,136.867,135.558,133.99,0,0,0
0.00827759,136.867,135.56,133.991,0,0,0
0.00829415,136.868,135.562,133.993,0,0,0
0.0083107,136.868,135.563,133.994,0,0,0
0.00832726,136.868,135.565,133.996,0,0,0
0.00834381,136.869,135.567,133.997,0,0,0
0.00836037,136.869,135.569,133.998,0,0,0
0.00837692,136.87,135.57,134,0,0,0
0.00839348,136.87,135.572,134.001,0,0,0
0.00841003,136.87,135.574,134.003,0,0,0
0.00842659,136.871,135.575,134.004,0,0,0
0.00844314,136.871,135.577,134.005,0,0,0
0.0084597,136.872,135.579,134.007,0,0,0
0.00847625,136.872,135.58,134.008,0,0,0
0.00849281,136.872,135.582,134.01,0,0,0
0.00850936,136.873,135.584,134.011,0,0,0
0.00852592,136.873,135.585,134.013,0,0,0
0.00854247,136.874,135.587,134.014,0,0,0
0.00855903,136.874,135.589,134.016,0,0,0
0.00857559,136.874,135.59,134.017,0,0,0
0.00859214,136.875,135.592,134.018,0,0,0
0.0086087,136.875,135.594,134.02,0,0,0
0.00862525,136.876,135.595,134.021,0,0,0
0.00864181,136.876,135.597,134.023,0,0,0
0.00865836,136.876,135.599,134.024,0,0,0
0.00867492,136.877,135.6,134.025,0,0,0
0.00869147,136.877,135.602,134.027,0,0,0
0.00870803,136.877,135.603,134.028,0,0,0
0.00872458,136.878,135.605,134.03,0,0,0
0.00874114,136.878,135.607,134.031,0,0,0
0.00875769,136.879,135.608,134.032,0,0,0
0.00877425,136.879,135.61,134.034,0,0,0
0.0087908,136.879,135.611,134.035,0,0,0
0.00880736,136.88,135.613,134.037,0,0,0
0.00882391,136.88,135.615,134.038,0,0,0
0.00884047,136.88,135.616,134.04,0,0,0
0.00885702,136.881,135.618,134.041,0,0,0
0.00887358,136.881,135.619,134.043,0,0,0
0.00889013,136.882,135.621,134.044,0,0,0
0.00890669,136.882,135.623,134.046,0,0,0
0.00892324,136.882,135.624,134.047,0,0,0
0.0089398,136.883,135.626,134.048,0,0,0
0.00895635,136.883,135.627,134.05,0,0,0
0.00897291,136.884,135.629,134.051,0,0,0
0.00898946,136.884,135.631,134.053,0,0,0
0.00900602,136.884,135.632,134.054,0,0,0
0.00902258,136.885,135.634,134.055,0,0,0
0.00903913,136.885,135.635,134.057,0,0,0
0.00905569,136.885,135.637,134.058,0,0,0
0.00907224,136.886,135.638,134.06,0,0,0
0.0090888,136.886,135.64,134.061,0,0,0
0.00910535,136.887,135.641,134.063,0,0,0
0.00912191,136.887,135.643,134.064,0,0,0
0.00913846,136.887,135.644,134.066,0,0,0
0.00915502,136.888,135.646,134.067,0,0,0
0.00917157,136.888,135.647,134.069,0,0,0
0.00918813,136.888,135.649,134.07,0,0,0
0.00920468,136.889,135.651,134.072,0,0,0
0.00922124,136.889,135.652,134.073,0,0,0
0.00923779,136.889,135.654,134.074,0,0,0
0.00925435,136.89,135.655,134.076,0,0,0
0.0092709,136.89,135.657,134.077,0,0,0
0.00928746,136.89,135.658,134.079,0,0,0
0.00930401,136.891,135.66,134.08,0,0,0
0.00932057,136.891,135.661,134.082,0,0,0
0.00933712,136.892,135.663,134.083,0,0,0
0.00935368,136.892,135.664,134.084,0,0,0
0.00937023,136.892,135.666,134.086,0,0,0
0.00938679,136.893,135.667,134.087,0,0,0
0.00940334,136.893,135.669,134.089,0,0,0
0.0094199,136.893,135.67,134.09,0,0,0
0.00943645,136.894,135.671,134.092,0,0,0
0.00945301,136.894,135.673,134.093,0,0,0
0.00946957,136.894,135.674,134.095,0,0,0
0.00948612,136.895,135.676,134.096,0,0,0
0.00950268,136.895,135.677,134.098,0,0,0
0.00951923,136.895,135.679,134.099,0,0,0
0.00953579,136.896,135.68,134.101,0,0,0
0.00955234,136.896,135.682,134.102,0,0,0
0.0095689,136.896,135.683,134.103,0,0,0
0.00958545,136.897,135.685,134.105,0,0,0
0.00960201,136.897,135.686,134.106,0,0,0
0.00961856,136.897,135.688,134.108,0,0,0
0.00963512,136.898,135.689,134.109,0,0,0
0.00965167,136.898,135.69,134.111,0,0,0
0.00966823,136.898,135.692,134.112,0,0,0
0.00968478,136.899,135.693,134.114,0,0,0
0.00970134,136.899,135.695,134.115,0,0,0
0.00971789,136.899,135.696,134.117,0,0,0
0.00973445,136.9,135.698,134.118,0,0,0
0.009751,136.9,135.699,134.119,0,0,0
0.00976756,136.9,135.7,134.121,0,0,0
0.00978411,136.901,135.702,134.123,0,0,0
0.00980067,136.901,135.703,134.124,0,0,0
0.00981722,136.901,135.705,134.125,0,0,0
0.00983378,136.902,135.706,134.127,0,0,0
0.00985033,136.902,135.708,134.128,0,0,0
0.00986689,136.902,135.709,134.13,0,0,0
0.00988344,136.903,135.71,134.131,0,0,0
0.0099,136.903,135.712,134.133,0,0,0
0.00991656,136.903,135.713,134.134,0,0,0
0.00993311,136.904,135.715,134.136,0,0,0
0.00994967,136.904,135.716,134.137,0,0,0
0.00996622,136.904,135.717,134.139,0,0,0
0.00998278,136.905,135.719,134.14,0,0,0
0.00999933,136.905,135.72,134.142,0,0,0
